{
  "enabled": true,
  "120363420653869770@g.us": {
    "enabled": false
  },
  "120363404846020710@g.us": {
    "enabled": true
  },
  "120363405535639888@g.us": {
    "enabled": false
  },
  "120363403274751645@g.us": {
    "enabled": false
  },
  "120363396271064673@g.us": {
    "enabled": false
  },
  "120363404575737192@g.us": {
    "enabled": true
  },
  "120363423146052971@g.us": {
    "enabled": false
  },
  "120363398885837134@g.us": {
    "enabled": false
  },
  "120363404714339980@g.us": {
    "enabled": false
  },
  "120363422385070491@g.us": {
    "enabled": false
  },
  "120363404061992547@g.us": {
    "enabled": false
  },
  "120363404138802318@g.us": {
    "enabled": false
  }
}